,rating,title,user
0,10,Fates and Furies,snowglobeglitter
1,10,Fates and Furies,priszant_643
2,10,Fates and Furies,anna537
3,10,Fates and Furies,mezesjane_399
4,10,Fates and Furies,peppapig1239_82
5,10,Fates and Furies,jojohay
6,8,Fates and Furies,liobhan_514
7,10,Fates and Furies,kfriram_955
8,10,Fates and Furies,juracosta1410_358
9,10,Fates and Furies,amay_lee
10,10,Fates and Furies,pharmgal
11,4,Fates and Furies,abena85
12,5,Fates and Furies,amsdpvsf_280
13,10,Fates and Furies,franksnelia003_258
14,7,Fates and Furies,pkalili_234
15,10,Fates and Furies,dougsie99_446
16,10,Fates and Furies,amendonca_284
17,3,Fates and Furies,sweetdavis23_443
18,8,Fates and Furies,shannah_ginger_668
19,10,Fates and Furies,diasrdia_13
20,10,Fates and Furies,genie8820099_20
21,10,Fates and Furies,ucsprmdl28_315
22,10,Fates and Furies,srtapurple
23,3,Fates and Furies,kpmayon1_944
24,10,Fates and Furies,fely10960_757
25,6,Fates and Furies,rae_star_161
26,9,Fates and Furies,veenus_kalkal_419
27,9,Fates and Furies,natalietiana_705
28,10,Fates and Furies,kleapatra7
29,10,Fates and Furies,buggygirl
30,10,Fates and Furies,classy27d_983
31,10,Fates and Furies,hanyojeong
32,10,Fates and Furies,litobautista_310
33,10,Fates and Furies,pitty_445
34,7,Fates and Furies,dglee25_956
35,6,Fates and Furies,jolena808_484
36,10,Fates and Furies,abir77
37,7,Fates and Furies,maddyson_627
38,10,Fates and Furies,cheryljonz782_665
39,6,Fates and Furies,52476637628816788689
40,10,Fates and Furies,bellrosty_747
41,10,Fates and Furies,elizabethpereira37_167
42,9,Fates and Furies,capistrano_kt_128
43,10,Fates and Furies,leighlovessimon_145
44,8,Fates and Furies,lisafitzgerald10_715
45,10,Fates and Furies,qscay
46,10,Fates and Furies,noemalapira_727
47,10,Fates and Furies,ahansen369_260
48,10,Fates and Furies,kisekidream
49,6,Fates and Furies,lucyismydoll
50,10,Fates and Furies,loydasala17_568
51,10,Fates and Furies,simizioana_857
52,10,Fates and Furies,badran_adan
53,10,Fates and Furies,emesvee26_246
54,4,Fates and Furies,memckay_589
55,1,Fates and Furies,thutran180_79
56,9,Fates and Furies,fapconsorcios_976
57,6,Fates and Furies,shoegirl8212_633
58,3,Fates and Furies,anh_doan_7
59,7,Fates and Furies,whitecrane71
60,10,Fates and Furies,amypylee_255
61,10,Fates and Furies,maritohmaoate_942
62,10,Fates and Furies,melissan2583_952
63,10,Fates and Furies,myriam_recio43_679
64,10,Fates and Furies,magiccasements
65,10,Fates and Furies,benny_agbayani
66,10,Fates and Furies,serenity_svcs_281
67,4,Fates and Furies,mami_jenny_855
68,10,Fates and Furies,gpop5666
69,10,Fates and Furies,fcroby_829
70,10,Fates and Furies,shellarose1_68
71,10,Fates and Furies,romanlover93_749
72,10,Fates and Furies,faradeninou_94
73,8,Fates and Furies,ankisalu_464
74,7,Fates and Furies,ymontanez10_94
75,10,Fates and Furies,pinkpoodle
76,10,Fates and Furies,lanak12345_655
77,9,Fates and Furies,sdafa321_868
78,10,Fates and Furies,ladyang_718
79,10,Fates and Furies,maryamkhalid1962_800
80,10,Fates and Furies,bernadette1970
81,10,Fates and Furies,kenzoamour
82,10,Fates and Furies,bratbaby1000
83,10,Fates and Furies,chopmedic1_352
84,10,Fates and Furies,carmelahariyani_100
85,8,Fates and Furies,norma_gonzalez_4
86,10,Fates and Furies,nfarias
87,9,Fates and Furies,smitch
88,10,Fates and Furies,tropicalms
89,10,Fates and Furies,xelosoriano65_635
90,10,Fates and Furies,chicky1175_394
91,10,Fates and Furies,doozeit79_364
92,10,Fates and Furies,dorothy_edna_69
93,10,Fates and Furies,kellykang20101_621
94,10,Fates and Furies,jocyperini_326
95,10,Fates and Furies,jacnic112_604
96,10,Fates and Furies,mckaycdia_427
97,10,Fates and Furies,artchick16_480
98,10,Fates and Furies,hmaristela_288
99,9,Fates and Furies,habibahtu18_463
100,10,Fates and Furies,sista_washington
101,9,Fates and Furies,kmax
102,8,Fates and Furies,ttherissa_295
103,10,Fates and Furies,rmheyward_736
104,8,Fates and Furies,azzurro
105,10,Fates and Furies,carouwo_3
106,10,Fates and Furies,raquelesquivel2011_611
107,10,Fates and Furies,yengcm12_650
108,10,Fates and Furies,dilsia296_183
109,10,Fates and Furies,gloria_maestre
110,10,Fates and Furies,capricornio_as_507
111,10,Fates and Furies,albaz514_562
112,10,Fates and Furies,alanamohammed2014_653
113,10,Fates and Furies,sumxiongluv
114,10,Fates and Furies,prettyone1
115,10,Fates and Furies,amandasilvagomes02_178
116,10,Fates and Furies,farhatjan580_779
117,9,Fates and Furies,1378022158931225_293
118,10,Fates and Furies,givemekeopi
119,10,Fates and Furies,ritawhitaker66_505
120,1,Fates and Furies,patriarcha
121,10,Fates and Furies,iggsta3o5
122,9,Fates and Furies,laylaloves18_799
123,10,Fates and Furies,ljblavatai801
124,10,Fates and Furies,reemalam145_556
125,10,Fates and Furies,nymiemie_463
126,10,Fates and Furies,1376825815697795_679
127,10,Fates and Furies,valeroalejandro120_800
128,10,Fates and Furies,3001id_540
129,1,Fates and Furies,rqlramos9_647
130,10,Fates and Furies,anatucita24_124
131,10,Fates and Furies,allrosepajo_559
132,10,Fates and Furies,aloha_mag_238
133,10,Fates and Furies,quelnunes16_543
134,10,Fates and Furies,alexbadel73_yahoo_co
135,10,Fates and Furies,candyfred2001_619
136,5,Fates and Furies,momocj88_559
137,10,Fates and Furies,gomesgenarioana_454
138,10,Fates and Furies,smalbran_220
139,10,Fates and Furies,marymazamg_243
140,9,Fates and Furies,keirakapoor13_787
141,10,Fates and Furies,10211629486909224_874
142,5,Fates and Furies,tsao_411
143,5,Fates and Furies,78731936874514685182
144,10,Fates and Furies,cassiajackeline_98
145,5,Fates and Furies,ydoan2
146,10,Fates and Furies,jazbakainatmangi_700
147,10,Fates and Furies,nina_her_3
148,10,Fates and Furies,marphilnkc3_908
149,9,Fates and Furies,thedevilkitty2_gm_278
150,10,Fates and Furies,kimmcm143_515
151,10,Fates and Furies,dafne88
152,10,Fates and Furies,276780066285436_19
153,8,Fates and Furies,smithashetty4258_357
154,10,Fates and Furies,aprilbr48_378
155,10,Fates and Furies,gaiathera_891
156,10,Fates and Furies,meiby31_mv_262
157,10,Fates and Furies,megchua12_729
158,10,Fates and Furies,yazairavalenzuela88_396
159,10,Fates and Furies,karilysp
160,10,Fates and Furies,Ejudale
161,8,Fates and Furies,mk95755
162,10,Fates and Furies,artsyannemarie16_57
163,10,Fates and Furies,kimberly_mendoza_sal_147
164,10,Fates and Furies,340046346457105_962
165,3,Fates and Furies,nbtraveletv
166,8,Fates and Furies,bleu_lapin
167,10,Fates and Furies,poltess5_617
168,10,Fates and Furies,dm9334
169,10,Fates and Furies,boohitsme
170,10,Fates and Furies,rocky33399_117
171,7,Fates and Furies,lee3cats
172,9,Fates and Furies,gabrielaelianagonzal_431
173,10,Fates and Furies,the_dorota_97
174,10,Fates and Furies,dirasoler_472
175,10,Fates and Furies,estela_m_98_715
176,1,Fates and Furies,ann_n82_905
177,6,Fates and Furies,r_bozman_560
178,10,Fates and Furies,daeduarda_472
179,2,Fates and Furies,lanamohanty
180,10,Fates and Furies,ruti_14_810
181,6,Fates and Furies,jacqueline5859_622
182,10,Fates and Furies,archanavijayarangan6_701
183,10,Fates and Furies,trinidadm97_732
184,10,Fates and Furies,vialester_214
185,10,Fates and Furies,saide_aninha_132
186,10,Fates and Furies,leereebee_124
187,10,Fates and Furies,gosik115_951
188,10,Fates and Furies,tandelmamta2304_608
189,8,Fates and Furies,myvanglo_86
190,10,Fates and Furies,dulc19741974_835
191,5,Fates and Furies,deysiag29_198
192,10,Fates and Furies,lopez_c_sara1h_46
193,10,Fates and Furies,minutes5_517
194,9,Fates and Furies,pinky_das_194
195,10,Fates and Furies,chatnoirisyobae
196,10,Fates and Furies,adrianasantana0439_999
197,7,Fates and Furies,rj_slvrblt_718
198,9,Fates and Furies,sandra_joelma1_428
199,7,Fates and Furies,chami0
200,10,Fates and Furies,jeteaim_bhoomi_458
201,10,Fates and Furies,vangmailee17_415
202,10,Fates and Furies,giselesoaresdesousa_688
203,10,Fates and Furies,kathia_moraes_279
204,9,Fates and Furies,maudedozier91_456
205,10,Fates and Furies,mophanylanot_825
206,5,Fates and Furies,kali_adia_164
207,10,Fates and Furies,shadowjones12_508
208,10,Fates and Furies,line_demers_999
209,9,Fates and Furies,indisong_716
210,10,Fates and Furies,hilohattie999_572
211,9,Fates and Furies,sarahtongomo_91
212,9,Fates and Furies,guillvoy2000_970
213,10,Fates and Furies,kassynha41_354
214,10,Fates and Furies,672296889579292_920
215,10,Fates and Furies,grishmadalalpharma_162
216,10,Fates and Furies,oneida4294_159
217,10,Fates and Furies,julie_maksimiuk_113
218,10,Fates and Furies,rmisa93_483
219,10,Fates and Furies,romaredselle_753
220,10,Fates and Furies,isa_barreto
221,10,Fates and Furies,1sejohns_281
222,6,Fates and Furies,krystal_02w_79
223,10,Fates and Furies,jerrilene_pantalunan
224,10,Fates and Furies,lovinalansana_422
225,10,Fates and Furies,bebot_brown
226,10,Fates and Furies,jemajo5_843
227,10,Fates and Furies,lita_dlc4_895
228,10,Fates and Furies,may_g_manisap
229,10,Fates and Furies,rayafenty2020_798
230,9,Fates and Furies,clarissebonfim45_33
231,10,Fates and Furies,jeenie4
232,8,Fates and Furies,indujathamizharasu_639
233,7,Fates and Furies,stfrancis48
234,10,Fates and Furies,varms
235,10,Fates and Furies,affi2k7_632
236,10,Fates and Furies,lissecunha
237,10,Fates and Furies,xyz45
238,10,Fates and Furies,oliveramarlen43_903
239,10,Fates and Furies,conietorres_574
240,9,Fates and Furies,denise11dixon_32
241,10,Fates and Furies,laurakg21_992
242,10,Fates and Furies,shubop
243,10,Fates and Furies,fortuperezu_506
244,10,Fates and Furies,507936626378335_186
245,10,Fates and Furies,brendammas_346
246,10,Fates and Furies,taahine_seini_368
247,9,Fates and Furies,kirsti_a_siira
248,10,Fates and Furies,alexsandra_macareno
249,10,Fates and Furies,elbendarcy_553
250,10,Fates and Furies,luisiana9904_470
251,10,Fates and Furies,gabrielgoldemberg
252,10,Fates and Furies,dianatello59_527
253,10,Fates and Furies,leaaronalwaysurs_318
254,10,Fates and Furies,therover
255,10,Fates and Furies,421178384936663_605
256,10,Fates and Furies,jeancatipunan_926
257,10,Fates and Furies,maylf
258,10,Fates and Furies,sally_fire_507
259,8,Fates and Furies,liz239
260,10,Fates and Furies,sazzle
261,10,Fates and Furies,charopm119_644
262,10,Fates and Furies,danyelistp_701
263,10,Fates and Furies,vannitakularb
264,10,Fates and Furies,wardahshahzad_594
265,10,Fates and Furies,gloria_arzate_lopez
266,10,Fates and Furies,10212237392602631_37
267,10,Fates and Furies,min_jung_5
268,10,Fates and Furies,icasianoa_171
269,10,Fates and Furies,mebakilamare_59
270,10,Fates and Furies,sosayang
271,9,Fates and Furies,deepa_viswambharan_265
272,10,Fates and Furies,114649919219535_595
273,10,Fates and Furies,chrisi123kpop_759
274,10,Fates and Furies,maykoxiong
275,10,Fates and Furies,sakamo
276,10,Fates and Furies,464001560400579_61
277,10,Fates and Furies,pagos_796
278,10,Fates and Furies,maricelrockwell_243
279,10,Fates and Furies,zenith21
280,10,Fates and Furies,sinh_ka
281,10,Fates and Furies,mepena92_302
282,10,Fates and Furies,01227440029287791886
283,10,Fates and Furies,yordaivi82_152
284,10,Fates and Furies,sandjhatt_249
285,10,Fates and Furies,1172144566217502_463
286,10,Fates and Furies,t2nguyen02_460
287,10,Fates and Furies,stickyaznrice_439
288,10,Fates and Furies,lalyn_divinares
289,10,Fates and Furies,yelyeisa
290,10,Fates and Furies,7309rl_365
291,10,Fates and Furies,mmm1mom_800
292,10,Fates and Furies,theiyer_26_761
293,9,Fates and Furies,53030802862592717196
294,10,Fates and Furies,fox25pope_240
295,9,Fates and Furies,nealj2003_276
296,10,Fates and Furies,ita11142gf_743
297,1,Fates and Furies,etulane
298,9,Fates and Furies,avegayii_221
299,10,Fates and Furies,manjarespamela_137
300,10,Fates and Furies,lorenita456martinez2_343
301,10,Fates and Furies,meceleniaf_89
302,8,Fates and Furies,anghyclrv_1997_535
303,10,Fates and Furies,charltina
304,10,Fates and Furies,leemotaula22_582
305,10,Fates and Furies,kaoutar_mahfouf_792
306,10,Fates and Furies,griselda_alarcon_334
307,10,Fates and Furies,linda89sh_864
308,10,Fates and Furies,gongnuiyoo17_275
309,10,Fates and Furies,pooja1802al_617
310,10,Fates and Furies,athena_goddess
311,10,Fates and Furies,salomepine_502
312,10,Fates and Furies,blanquicetilva_698
313,10,Fates and Furies,hhaymou_921
314,10,Fates and Furies,bookdragonfly_265
315,9,Fates and Furies,ameeyang_2
316,10,Fates and Furies,akjklk
317,5,Fates and Furies,bidyasalam534_433
318,10,Fates and Furies,kberkman
319,9,Fates and Furies,cyamiley_993
320,10,Fates and Furies,elina_bargo
321,10,Fates and Furies,lina_8dz_758
322,10,Fates and Furies,brunalohanaaires_643
323,10,Fates and Furies,atlkdramafan
324,10,Fates and Furies,farfalla_2
325,10,Fates and Furies,kytara30_157
326,10,Fates and Furies,yossielena_449
327,10,Fates and Furies,diasval405_707
328,10,Fates and Furies,nancy_martinezpena_819
329,10,Fates and Furies,000001726797
330,10,Fates and Furies,suey73
331,10,Fates and Furies,gamagu_27_905
332,10,Fates and Furies,tlfunezl84_793
333,10,Fates and Furies,daniellecameron28_624
334,4,Fates and Furies,luzvimindar_fajardo1_502
335,10,Fates and Furies,electo_yesca2_24
336,10,Fates and Furies,analujan01
337,10,Fates and Furies,rosalupita05_13_46
338,1,Fates and Furies,changejsabiha_517
339,6,Fates and Furies,hermine_voltaire_914
340,10,Fates and Furies,tonza_webb
341,10,Fates and Furies,roxana1800_316
342,10,Fates and Furies,sharonoreo88_143
343,10,Fates and Furies,jen7nine_390
344,10,Fates and Furies,kaosidy_852
345,10,Fates and Furies,payingher_261
346,10,Fates and Furies,frustratedwriter
347,10,Fates and Furies,kriyalatangangkham_850
348,10,Fates and Furies,guerlinew39_730
349,10,Fates and Furies,macostaporto_872
350,7,Fates and Furies,so9975_191
351,10,Fates and Furies,attdesikari9_910
352,10,Fates and Furies,caenf24_257
353,10,Fates and Furies,princessjayla
354,10,Fates and Furies,val_alexa14_326
355,10,Fates and Furies,vera1antonio_74
356,10,Fates and Furies,garciaaranxa98_708
357,10,Fates and Furies,chica_1608_174
358,10,Fates and Furies,nixrix
359,10,Fates and Furies,mayteh47_468
360,10,Fates and Furies,nguyentrantrongnghia_226
361,9,Fates and Furies,helloadmon_993
362,7,Fates and Furies,flywidfolo_218
363,1,Fates and Furies,2149289855340290_937
364,10,Fates and Furies,vanemar
365,10,Fates and Furies,diptobala7_603
366,10,Fates and Furies,tosinadeola40_738
367,10,Fates and Furies,blmarshall44_65
368,10,Fates and Furies,flaud_1976_373
369,10,Fates and Furies,2199245103695414_14
370,10,Fates and Furies,sakim
371,10,Fates and Furies,anjelik_1111_826
372,10,Fates and Furies,jovz_olbes_656
373,10,Fates and Furies,patriciacrawford47_253
374,3,Fates and Furies,bjbyrom
375,10,Fates and Furies,pjt_218
376,10,Fates and Furies,irisdosreislbf_640
377,10,Fates and Furies,anaflores1977_604
378,7,Fates and Furies,buddacanty_768
379,10,Fates and Furies,zildsand_131
380,10,Fates and Furies,jenniferabatz_861
381,8,Fates and Furies,deesogun_377
382,6,Fates and Furies,shadk1953_827
383,10,Fates and Furies,noris_velazquez_970
384,10,Fates and Furies,katherinenana77_983
385,5,Fates and Furies,dinaleggett_87
386,10,Fates and Furies,cicicuore2000_916
387,10,Fates and Furies,angelglory1_682
388,10,Fates and Furies,_yong_pal_
389,4,Fates and Furies,marcianatura27_104
390,10,Fates and Furies,liajol
391,10,Fates and Furies,virginita
392,10,Fates and Furies,217181272261706_47
393,10,Fates and Furies,50628281648200862721
394,8,Fates and Furies,maria_wood_568
395,10,Fates and Furies,claudiacavalcante251_935
396,6,Fates and Furies,delightcy61_396
397,10,Fates and Furies,flai64
398,10,Fates and Furies,1798494403756598_542
399,10,Fates and Furies,sol_tj07_139
400,8,Fates and Furies,helenildaraujo_435
401,10,Fates and Furies,milenarougier_926
402,2,Fates and Furies,hbrown_22_430
403,1,Fates and Furies,helandlima25_918
404,10,Fates and Furies,puni8949_78
405,10,Fates and Furies,gia095
406,5,Fates and Furies,ksthrnlghts
407,9,Fates and Furies,uni_credito_samara_283
408,10,Fates and Furies,amber23mmc21_217
409,10,Fates and Furies,ana_desposorio
410,10,Fates and Furies,tayna_wany_218
411,10,Fates and Furies,suzana_cynara
412,10,Fates and Furies,mctriunfo_541
413,10,Fates and Furies,velazquezsd382_984
414,10,Fates and Furies,azeneth_4
415,7,Fates and Furies,trin771
416,10,Fates and Furies,marcelio_mendonca_417
417,2,Fates and Furies,apekaimane_158
418,10,Fates and Furies,joanne_matsuoka
419,10,Fates and Furies,duplanadriana_923
420,10,Fates and Furies,monica_salas_tapia
421,10,Fates and Furies,snehapotsangbam_596
422,9,Fates and Furies,leng2k4_384
423,10,Fates and Furies,830421790462727_328
424,5,Fates and Furies,morina_kloiber_775
425,10,Fates and Furies,beatrizribas10101978_849
426,10,Fates and Furies,deniz_kubra_870
427,10,Fates and Furies,cely_fontanez
428,10,Fates and Furies,delcebu53_867
429,4,Fates and Furies,jeaneiabv_484
430,10,Fates and Furies,yanina_cuevas699_945
431,10,Fates and Furies,analimacristina2017_730
432,10,Fates and Furies,karmayang_633
433,10,Fates and Furies,jananigomez2_101
434,5,Fates and Furies,lanusnariza_714
435,10,Fates and Furies,lillycristal24
436,10,Fates and Furies,anitacosta190_562
437,5,Fates and Furies,giovannafreitassilva_242
438,10,Fates and Furies,geunsuk24_71
439,1,Fates and Furies,damarest_972
440,1,Fates and Furies,fernandabrazpontes_182
441,10,Fates and Furies,srivastavameenu130_716
442,2,Fates and Furies,dianesoaresnef_344
443,10,Fates and Furies,edith888
444,1,Fates and Furies,larafabian2222_749
445,5,Fates and Furies,mmontiel_622_755
446,4,Fates and Furies,saumyac91_822
447,6,Fates and Furies,lillianyang93_296
448,1,Fates and Furies,v_leblon_415
449,1,Fates and Furies,phatricia210280_987
450,6,Fates and Furies,fanviki2017
451,9,Fates and Furies,millie_padin
452,1,Fates and Furies,1067821903326863_63
453,8,Fates and Furies,antonello4_651
454,2,Fates and Furies,martacqueiroz_482
455,2,Fates and Furies,sunball_95
456,3,Fates and Furies,heiysha_ktr_634
457,10,Fates and Furies,katy151089_10
458,10,Fates and Furies,maxime_angelina_979
459,10,Fates and Furies,jetyrianadj
460,10,Fates and Furies,phoyang_483
461,10,Fates and Furies,carrijoel_640
462,10,Fates and Furies,rayaneyocca_787
463,10,Fates and Furies,mirliz_mw_217
464,10,Fates and Furies,naima22muuse_176
465,10,Fates and Furies,cynthia_gonzalez_5
466,10,Fates and Furies,britaney_gaither
467,10,Fates and Furies,mikailabianca143_645
468,10,Fates and Furies,vvmarimla14_314
469,10,Fates and Furies,shasha_yeol
470,10,Fates and Furies,irishbuzz1
471,10,Fates and Furies,camilaaldana991_911
472,10,Fates and Furies,emilynguyen_2
473,10,Fates and Furies,Freshbreeze04
474,10,Fates and Furies,Guy87
475,10,Fates and Furies,kauanoe
476,10,Fates and Furies,cvoria_358
477,10,Fates and Furies,SaraT81
478,10,Fates and Furies,z34181
479,10,Fates and Furies,lanie8_2
480,10,Fates and Furies,evazamora_do_70
481,10,Fates and Furies,10153960798395954_401
482,10,Fates and Furies,queencherry
483,10,Fates and Furies,marzul1429_561
484,10,Fates and Furies,gigi_lay
485,10,Fates and Furies,asiamarks
486,9,Fates and Furies,dblair924_464
487,10,Fates and Furies,radone_ariicho_872
488,10,Fates and Furies,lizadizon_757
489,10,Fates and Furies,Dmartz_19
490,10,Fates and Furies,gbalais537_633
491,10,Fates and Furies,143428676189572_645
492,10,Fates and Furies,pelusa_10_sep_23
493,10,Fates and Furies,l_onlyme23_467
494,10,Fates and Furies,jeda13_584
495,10,Fates and Furies,mmaaiiaattoo
496,10,Fates and Furies,maludc81_857
497,10,Fates and Furies,mcdee
498,10,Fates and Furies,mariadeleonb39_15
499,10,Fates and Furies,eddiepeppers16_954
500,10,Fates and Furies,jansen_gray
501,10,Fates and Furies,filosofa_456_301
502,10,Fates and Furies,livelifethebest2345_761
503,10,Fates and Furies,beatrizl
504,10,Fates and Furies,kris241190_665
505,10,Fates and Furies,monxe_rr_941
506,10,Fates and Furies,melltaffy1_440
507,9,Fates and Furies,cathouii_
508,10,Fates and Furies,angelight313_168
509,1,Fates and Furies,dmvargas17_165
510,10,Fates and Furies,talangomonica10_536
511,10,Fates and Furies,rooryonline_406
512,10,Fates and Furies,1300803906674618_887
513,1,Fates and Furies,perlitha12323_820
514,4,Fates and Furies,normacontreras1321_104
515,1,Fates and Furies,10207100816100562_850
